"EFFORT_HRS_ATLEAST","SPECIES_CODE","HOW_MANY"
0.001,"abetow",403
0.001,"accipi",91
0.001,"acowoo",1607
0.001,"afcdov1",10
0.001,"allhum",1576
0.001,"ambduc",188
0.001,"amecoo",30
0.001,"amecro",43956
0.001,"amegfi",326562
0.001,"amekes",212
0.001,"amekes1",5
0.001,"amepip",15
0.001,"amered",11
0.001,"amerob",59504
0.001,"amewig",29
0.001,"amewoo",21
0.001,"amhgul1",387
0.001,"amtspa",23491
0.001,"amwpel",63
0.001,"anhing",9
0.001,"annhum",19149
0.001,"archil1",1
0.001,"astfly",8
0.001,"attwoo1",4
0.001,"audori",7
0.001,"audwar",113
0.001,"babwar",4
0.001,"baleag",490
0.001,"balori",364
0.001,"barswa",37
0.001,"batpig1",4665
0.001,"bawwar",48
0.001,"bbwduc",411
0.001,"bcrfin",5802
0.001,"bcxtit1",92
0.001,"belkin1",95
0.001,"belvir",1
0.001,"benthr",3
0.001,"bewwre",3207
0.001,"bkbmag1",6407
0.001,"bkbwoo",3
0.001,"bkcchi",193726
0.001,"bkchum",589
0.001,"bkcspa",3
0.001,"bkhgro",126
0.001,"bkhpar",175
0.001,"bkrfin",171
0.001,"bktgna",10
0.001,"bktspa",95
0.001,"blackb",113
0.001,"blbgra1",1
0.001,"blctit4",1348
0.001,"blkmer1",10
0.001,"blkpho",903
0.001,"blkvul",480
0.001,"blugrb1",15
0.001,"blugrs",1
0.001,"blujay",144448
0.001,"bnhcow",27272
0.001,"bnhnut",2762
0.001,"bohwax",5406
0.001,"borchi2",1352
0.001,"borowl",2
0.001,"botgra",852
0.001,"brambl",2
0.001,"brbhum",54
0.001,"brdowl",149
0.001,"brebla",2189
0.001,"brespa",5
0.001,"britit",16
0.001,"brncre",1823
0.001,"brnowl",4
0.001,"brnpel",26
0.001,"brnthr",1844
0.001,"brocow",1
0.001,"brthum",16
0.001,"brwhaw",11
0.001,"brwhaw1",1
0.001,"btbwar",2
0.001,"btywar",18
0.001,"bubhum",9
0.001,"bucpar",49
0.001,"buffle",8
0.001,"buggna",181
0.001,"buggna1",2
0.001,"buhvir",9
0.001,"bulori",21
0.001,"bushti",34447
0.001,"buwtea",1
0.001,"cacgoo1",9
0.001,"cacwre",249
0.001,"calgul",1250
0.001,"calhum",4
0.001,"calqua",17857
0.001,"calthr",112
0.001,"caltow",4415
0.001,"calypt",15
0.001,"camwar",4
0.001,"cangoo",9718
0.001,"cantow",527
0.001,"canwre",18
0.001,"carchi",29102
0.001,"carwre",24743
0.001,"casfin",2085
0.001,"caskin",86
0.001,"casvir",3
0.001,"categr",61
0.001,"cedwax",21673
0.001,"chbchi",16544
0.001,"chemun",1
0.001,"chicka1",1
0.001,"chispa",29090
0.001,"chukar",203
0.001,"cinhum1",1
0.001,"cittro1",1
0.001,"clanut",234
0.001,"clcrob",9
0.001,"clcspa",19
0.001,"cliswa",7
0.001,"cogdov",892
0.001,"comgal1",2
0.001,"comgol",108
0.001,"comgra",75817
0.001,"comgra1",5
0.001,"comloo",30
0.001,"commer",179
0.001,"commer1",314
0.001,"commyn",47
0.001,"compea",8
0.001,"compoo",1
0.001,"comrav",3441
0.001,"comred",42170
0.001,"comyel",31
0.001,"coohaw",3869
0.001,"coshum",354
0.001,"coukin",1
0.001,"cowscj1",7607
0.001,"crecar1",5
0.001,"crithr",9
0.001,"crow",2
0.001,"cubthr",693
0.001,"daejun",414127
0.001,"daejun1",11
0.001,"dickci",3
0.001,"doccor",257
0.001,"domgoo1",2
0.001,"dowwoo",97140
0.001,"easblu",16826
0.001,"easkin",23
0.001,"easmea",247
0.001,"easowl1",50
0.001,"easpho",1210
0.001,"eastow",3501
0.001,"eastow1",5
0.001,"eawpew",4
0.001,"egygoo",159
0.001,"erthaw1",15
0.001,"eucdov",23943
0.001,"eurgol",1
0.001,"eurgre1",1
0.001,"eursta",138817
0.001,"eutspa",2549
0.001,"evegro",14396
0.001,"fepowl",1
0.001,"ferhaw",4
0.001,"fieldf",1
0.001,"fiespa",1543
0.001,"fiscro",678
0.001,"flsjay",1
0.001,"forter",9
0.001,"foxsp1",4
0.001,"foxsp2",42
0.001,"foxspa",5567
0.001,"gadwal",33
0.001,"gamqua",4315
0.001,"gbbgul",2
0.001,"gchwar",2
0.001,"gcrfin",6629
0.001,"gilfli",51
0.001,"gilwoo",398
0.001,"gloibi",319
0.001,"glwgul",84
0.001,"gnttow",4
0.001,"gnwtea",58
0.001,"gockin",347
0.001,"gocspa",17187
0.001,"gocwoo1",1
0.001,"gofwoo",388
0.001,"goldfi",99
0.001,"goleag",5
0.001,"grasal1",1
0.001,"graspa",1
0.001,"grbani",1
0.001,"grbher",32
0.001,"grbher3",154
0.001,"grcfly",12
0.001,"greegr",40
0.001,"greegr2",8
0.001,"grekis",109
0.001,"greroa",122
0.001,"grgowl",1
0.001,"grhowl",124
0.001,"grhowl1",1
0.001,"grnher",2
0.001,"grnjay",80
0.001,"grnpar",293
0.001,"grsfly1",10
0.001,"grtgra",1110
0.001,"grwher",6
0.001,"grycat",488
0.001,"gryfra",5
0.001,"gryjay",1215
0.001,"grypar",597
0.001,"gycrof4",19
0.001,"gyhjun",553
0.001,"gyrfal",3
0.001,"haiwoo",32946
0.001,"harspa",916
0.001,"hawk",21
0.001,"heptan",5
0.001,"hergul",85
0.001,"herthr",1039
0.001,"herwar",2
0.001,"hoared",525
0.001,"hoomer",145
0.001,"hooori",152
0.001,"hoowar",3
0.001,"horlar",5
0.001,"houfin",284325
0.001,"houspa",419838
0.001,"houwre",287
0.001,"houwre1",91
0.001,"hrshaw",9
0.001,"hummin",70
0.001,"hutvir",50
0.001,"incdov",1202
0.001,"indbun",67
0.001,"islcan1",1
0.001,"javspa",585
0.001,"juntit1",247
0.001,"killde",132
0.001,"labwoo",566
0.001,"laplon",2
0.001,"larspa",217
0.001,"laugul",130
0.001,"lawgol",119
0.001,"leafly",5
0.001,"lesgol",39036
0.001,"lessca",28
0.001,"lewwoo",61
0.001,"libher",18
0.001,"limpki",1
0.001,"linspa",325
0.001,"lobthr",18
0.001,"logshr",9
0.001,"lucwar",7
0.001,"mallar",2
0.001,"mallar2",174
0.001,"mallar3",9964
0.001,"merlin",117
0.001,"mexjay4",157
0.001,"monpar",271
0.001,"motduc",219
0.001,"moublu",156
0.001,"mouchi",5576
0.001,"moudov",300873
0.001,"mouqua",32
0.001,"musduc2",48
0.001,"musduc3",149
0.001,"mutswa",15
0.001,"myrwar",67
0.001,"naswar",6
0.001,"neocor",1
0.001,"nopowl",13
0.001,"norbob",109
0.001,"norcar",198023
0.001,"norcar1",42
0.001,"norcro",1391
0.001,"norfli",17058
0.001,"norgos",41
0.001,"norhar2",55
0.001,"normoc",7919
0.001,"norpar",42
0.001,"norpin",19
0.001,"norsho",1
0.001,"norshr",1
0.001,"norshr4",119
0.001,"nrwswa",6
0.001,"nswowl",4
0.001,"nutman",2706
0.001,"nutwoo",748
0.001,"oaktit",2648
0.001,"olispa",14
0.001,"orabis1",4
0.001,"orcori",19
0.001,"orcwar",810
0.001,"orcwar1",5
0.001,"orcwar3",1
0.001,"orejun",5204
0.001,"osprey",23
0.001,"osprey1",1
0.001,"ovenbi1",5
0.001,"pacwre1",87
0.001,"pagplo",11
0.001,"paibun",1177
0.001,"paired",2
0.001,"palwar",456
0.001,"pasfly",2
0.001,"peflov",93
0.001,"perfal",15
0.001,"phaino",39
0.001,"pibgre",41
0.001,"pilwoo",3899
0.001,"pingro",8204
0.001,"pinjay",2031
0.001,"pinsis",53523
0.001,"pinwar",3238
0.001,"pisjun",234
0.001,"placha",16
0.001,"pramer1",1
0.001,"prawar",4
0.001,"purfin",24820
0.001,"purmar",112
0.001,"pygnut",3156
0.001,"pyrrhu",222
0.001,"rcgspa1",2
0.001,"rebjun1",42
0.001,"rebmer",12
0.001,"rebnut",26093
0.001,"rebsap",182
0.001,"rebwoo",42010
0.001,"reccar",54
0.001,"recpar",56
0.001,"recwoo",2
0.001,"redcro",811
0.001,"redhea",44
0.001,"redpol",119
0.001,"reevir1",1
0.001,"rehwoo",994
0.001,"rengre",1
0.001,"rensap",8
0.001,"resfli",71
0.001,"reshaw",865
0.001,"reshaw2",1
0.001,"reshaw4",9
0.001,"reshaw5",37
0.001,"rethaw",1352
0.001,"rethaw4",1
0.001,"revbul",11
0.001,"rewbla",81896
0.001,"rewbla1",41
0.001,"rewbul",17
0.001,"ribgul",2475
0.001,"ricgoo1",1
0.001,"rinduc",97
0.001,"rinphe",1275
0.001,"rinphe1",5
0.001,"robgro",94
0.001,"rocpig1",23693
0.001,"rocwre",18
0.001,"rolhaw",5
0.001,"rosfin",1878
0.001,"rthhum",684
0.001,"rubrob1",3
0.001,"ruckin",2554
0.001,"rucmot1",2
0.001,"rucspa",137
0.001,"rucwar",6
0.001,"rudduc",5
0.001,"rufgro",707
0.001,"rufhum",877
0.001,"rusbla",257
0.001,"rusbun",2
0.001,"ruwspa",17
0.001,"rxyfli",2
0.001,"saffin",2
0.001,"sagthr",2
0.001,"sancra",93
0.001,"sancra5",31
0.001,"savspa",59
0.001,"saypho",114
0.001,"scaqua",284
0.001,"scoori",17
0.001,"scrjay",44
0.001,"selasp",19
0.001,"shshaw",1689
0.001,"shtgro",211
0.001,"sinwre1",1
0.001,"slcjun",3350
0.001,"snobun",540
0.001,"snoegr",20
0.001,"snogoo",4
0.001,"socfly1",2
0.001,"sonspa",29336
0.001,"sparro1",24
0.001,"spbori",2
0.001,"spodov",190
0.001,"sposan",8
0.001,"spotow",15323
0.001,"spowre1",2
0.001,"sprgro",20
0.001,"squcuc1",1
0.001,"stbori",6
0.001,"stejay",17036
0.001,"sumtan",28
0.001,"swahaw",2
0.001,"swaspa",22
0.001,"swathr",8
0.001,"swiwhe1",2
0.001,"swtkit",2
0.001,"towsol",222
0.001,"towwar",1157
0.001,"treswa",58
0.001,"tribla",1
0.001,"triher",4
0.001,"trokin",4
0.001,"tuftit",84568
0.001,"tunswa",45
0.001,"turvul",881
0.001,"varbun",3
0.001,"varthr",3080
0.001,"verdin",336
0.001,"verfly",13
0.001,"vesspa",16
0.001,"vigswa",47
0.001,"virrai",3
0.001,"warvir",3
0.001,"warwhe1",8
0.001,"wesblu",1267
0.001,"wesgul",1013
0.001,"wesjay",52
0.001,"weskin",12
0.001,"wesmea",45
0.001,"wesowl1",9
0.001,"westan",12
0.001,"whbnut",69111
0.001,"whcsee2",1
0.001,"whcspa",35611
0.001,"whevir",23
0.001,"whhwoo",64
0.001,"whiibi",331
0.001,"whip-p1",1
0.001,"whrsha",2
0.001,"whtdov",53
0.001,"whtkit",4
0.001,"whtspa",69755
0.001,"whwcro",207
0.001,"whwdov",18731
0.001,"whwjun",41
0.001,"wilpta",4
0.001,"wilsap",5
0.001,"wilsni1",1
0.001,"wiltur",22382
0.001,"winwre",6
0.001,"winwre3",53
0.001,"wlswar",15
0.001,"wooduc",439
0.001,"wooscj2",2334
0.001,"woosto",2
0.001,"woothr",13
0.001,"wren1",1
0.001,"wrenti",15
0.001,"wrthaw1",10
0.001,"x00004",60
0.001,"x00051",31
0.001,"x00195",4
0.001,"x00423",30
0.001,"x00623",1
0.001,"y00001",47
0.001,"y00033",15098
0.001,"y00226",46
0.001,"y00227",4
0.001,"y00322",3
0.001,"y00327",17
0.001,"y00334",1
0.001,"y00338",86
0.001,"y00471",11
0.001,"y00475",34
0.001,"y00619",7
0.001,"y00620",7
0.001,"yebcha",10
0.001,"yebfly",1
0.001,"yebmag",45
0.001,"yebsap",1374
0.001,"yehbla",7
0.001,"yelwar",22
0.001,"yerwar",8770
0.001,"yesfli",65
0.001,"yetvir",2
0.001,"yetwar",158
0.001,"yewcac1",5
0.001,"zebdov",723
1.001,"abetow",2695
1.001,"accipi",875
1.001,"acowoo",7416
1.001,"afcdov1",14
1.001,"allhum",5149
1.001,"altori",39
1.001,"ambduc",1614
1.001,"amebit",1
1.001,"amecoo",234
1.001,"amecro",291583
1.001,"amedip",2
1.001,"amegfi",2006403
1.001,"amekes",1005
1.001,"amekes1",35
1.001,"amepip",100
1.001,"amered",134
1.001,"amerob",375990
1.001,"amerob3",8
1.001,"amewig",544
1.001,"amewoo",69
1.001,"amhgul1",387
1.001,"amtspa",146196
1.001,"amwpel",23
1.001,"anhing",149
1.001,"annhum",76916
1.001,"archil1",16
1.001,"ariwoo",6
1.001,"astfly",35
1.001,"attwoo1",9
1.001,"audori",101
1.001,"audwar",674
1.001,"babwar",1
1.001,"baleag",1867
1.001,"balori",6461
1.001,"barswa",355
1.001,"batpig1",27813
1.001,"bawwar",481
1.001,"bbwduc",3347
1.001,"bcnher",3
1.001,"bcrfin",5467
1.001,"bcxtit1",42
1.001,"belkin1",637
1.001,"belvir",34
1.001,"benthr",9
1.001,"berhum",11
1.001,"bewwre",16265
1.001,"bkbcuc",1
1.001,"bkbmag1",42120
1.001,"bkbwar",6
1.001,"bkbwoo",17
1.001,"bkcchi",893442
1.001,"bkcgna",1
1.001,"bkchum",3353
1.001,"bkcspa",6
1.001,"bkhgro",834
1.001,"bkhpar",626
1.001,"bknsti",13
1.001,"bkpwar",22
1.001,"bkrfin",207
1.001,"bktgna",72
1.001,"bktspa",1317
1.001,"bkvori",6
1.001,"blackb",1001071
1.001,"blbgra1",6
1.001,"blctit4",8073
1.001,"blhsis1",5
1.001,"blkmer1",23
1.001,"blkpho",3452
1.001,"blkvul",3750
1.001,"blubun",45
1.001,"blugrb1",180
1.001,"blugrs",10
1.001,"blujay",859097
1.001,"blumoc",7
1.001,"bncfly",6
1.001,"bnhcow",212928
1.001,"bnhnut",16916
1.001,"boboli",1
1.001,"bohwax",64268
1.001,"borchi2",6062
1.001,"borowl",4
1.001,"botgra",4917
1.001,"brambl",8
1.001,"brbhum",1361
1.001,"brdowl",1246
1.001,"brebla",17950
1.001,"brespa",54
1.001,"britit",279
1.001,"brncre",16343
1.001,"brnowl",66
1.001,"brnpel",101
1.001,"brnthr",16055
1.001,"brocow",116
1.001,"broman1",95
1.001,"brthum",260
1.001,"brwhaw",74
1.001,"brwhaw1",1
1.001,"btbwar",69
1.001,"btmjay",110
1.001,"btnwar",15
1.001,"btywar",106
1.001,"bubhum",168
1.001,"bucnig",2
1.001,"bucpar",226
1.001,"budger",17
1.001,"buffle",387
1.001,"buggna",2122
1.001,"buggna1",17
1.001,"buhvir",188
1.001,"bulori",296
1.001,"bushti",154006
1.001,"buthum",4
1.001,"buwtea",124
1.001,"buwwar",12
1.001,"cacgoo1",25
1.001,"cacwre",2292
1.001,"calgna",3
1.001,"calgul",255
1.001,"calhum",58
1.001,"calqua",119902
1.001,"calthr",713
1.001,"caltow",17815
1.001,"calypt",20
1.001,"camwar",13
1.001,"cangoo",42544
1.001,"cangoo4",16
1.001,"cantow",3092
1.001,"canvas",5
1.001,"canwre",262
1.001,"carchi",180028
1.001,"carwre",163684
1.001,"casfin",11298
1.001,"caskin",233
1.001,"casvir",34
1.001,"categr",305
1.001,"cathus",1
1.001,"cedwax",141869
1.001,"chbchi",69522
1.001,"chemun",8
1.001,"chirav",156
1.001,"chispa",199973
1.001,"chiswi",21
1.001,"chswar",1
1.001,"chukar",1039
1.001,"chwwid",8
1.001,"cinhum1",53
1.001,"cittro1",41
1.001,"clanut",3132
1.001,"clcrob",119
1.001,"clcspa",60
1.001,"cliswa",108
1.001,"cogdov",6733
1.001,"comblh1",10
1.001,"combuz1",5
1.001,"comgal1",66
1.001,"comgol",711
1.001,"comgra",481161
1.001,"comloo",70
1.001,"commer",861
1.001,"commer1",126
1.001,"commyn",52
1.001,"comnig",2
1.001,"compau",5
1.001,"compea",35
1.001,"compoo",3
1.001,"comrav",20501
1.001,"comred",279681
1.001,"comsni",2
1.001,"comwax",43
1.001,"comyel",329
1.001,"coohaw",28851
1.001,"coshum",2465
1.001,"coukin",54
1.001,"cowscj1",38893
1.001,"crecar1",76
1.001,"crithr",158
1.001,"crow",354
1.001,"cubthr",4791
1.001,"daejun",2189245
1.001,"daejun1",48
1.001,"dickci",72
1.001,"doccor",1521
1.001,"domgoo1",82
1.001,"dowwoo",543287
1.001,"ducfly",3
1.001,"dusfly",3
1.001,"dusgro",7
1.001,"easblu",124497
1.001,"easkin",61
1.001,"easmea",2212
1.001,"easmea2",36
1.001,"easowl1",598
1.001,"easpho",9587
1.001,"eassco1",1
1.001,"eastow",26339
1.001,"eastow1",33
1.001,"eawpew",17
1.001,"egygoo",88
1.001,"eletro",2
1.001,"erthaw1",134
1.001,"eucdov",131107
1.001,"eurgol",19
1.001,"eursta",895838
1.001,"eutspa",14258
1.001,"evegro",106258
1.001,"fepowl",33
1.001,"ferhaw",31
1.001,"fieldf",1
1.001,"fiespa",11447
1.001,"fiscro",3792
1.001,"flsjay",12
1.001,"flycat1",11
1.001,"forter",24
1.001,"foxsp1",135
1.001,"foxsp2",212
1.001,"foxsp3",7
1.001,"foxspa",33052
1.001,"fuwduc",7
1.001,"gadwal",405
1.001,"gamqua",28893
1.001,"gbbgul",31
1.001,"gchwar",16
1.001,"gcrfin",15232
1.001,"gilfli",422
1.001,"gilwoo",3805
1.001,"glagul",1
1.001,"gloibi",671
1.001,"glwgul",188
1.001,"gnttow",229
1.001,"gnwtea",104
1.001,"goceme1",1
1.001,"gockin",3328
1.001,"gocspa",77011
1.001,"gocwoo1",99
1.001,"gofwoo",2333
1.001,"goldfi",80
1.001,"goleag",23
1.001,"golvir1",17
1.001,"grasal1",124
1.001,"graspa",2
1.001,"grawar",1
1.001,"grbani",150
1.001,"grbher",330
1.001,"grbher3",1387
1.001,"grcfly",134
1.001,"greegr",540
1.001,"greegr2",90
1.001,"grekis",1174
1.001,"greroa",900
1.001,"gresca",3
1.001,"greyel",16
1.001,"grgowl",10
1.001,"grhowl",914
1.001,"grhowl1",24
1.001,"grnher",35
1.001,"grnjay",1441
1.001,"grnkin",1
1.001,"grnpar",76
1.001,"grsfly1",142
1.001,"grtgra",6221
1.001,"grwher",20
1.001,"grycat",4612
1.001,"gryfly",14
1.001,"gryhaw2",13
1.001,"gryjay",8495
1.001,"grykin",6
1.001,"grypar",1920
1.001,"gryvir",24
1.001,"gycrof4",158
1.001,"gycthr",1
1.001,"gycyel",1
1.001,"gyhjun",1834
1.001,"gyrfal",5
1.001,"haiwoo",204934
1.001,"hapwre1",41
1.001,"harspa",9739
1.001,"hawk",109
1.001,"helgui",21
1.001,"heptan",40
1.001,"hergul",1460
1.001,"herthr",8088
1.001,"herthr3",5
1.001,"herwar",2
1.001,"hoared",6223
1.001,"hoomer",2255
1.001,"hooori",1108
1.001,"hoowar",25
1.001,"horgre",1
1.001,"horlar",350
1.001,"houfin",1486724
1.001,"houspa",2022894
1.001,"houwre",1936
1.001,"houwre1",17
1.001,"hrshaw",201
1.001,"hummin",114
1.001,"hutvir",575
1.001,"incdov",7563
1.001,"indbun",915
1.001,"ipsspa",7
1.001,"ivbwoo1",1
1.001,"javspa",220
1.001,"juntit1",1489
1.001,"killde",803
1.001,"labwoo",4205
1.001,"laplon",22
1.001,"larbun",6
1.001,"larspa",2393
1.001,"larus",66
1.001,"larus1",4
1.001,"laufal1",2
1.001,"laugul",211
1.001,"lawgol",509
1.001,"lazbun",48
1.001,"leafly",5
1.001,"leagre",1
1.001,"leasan",20
1.001,"leater1",1
1.001,"lecthr",4
1.001,"lesgol",171009
1.001,"lesnig",13
1.001,"lessca",1103
1.001,"lesyel",9
1.001,"lewwoo",384
1.001,"libher",173
1.001,"limpki",104
1.001,"linspa",2753
1.001,"lobcur",1
1.001,"lobdow",89
1.001,"lobthr",246
1.001,"loeowl",8
1.001,"logshr",120
1.001,"louwat",7
1.001,"lucwar",45
1.001,"macwar",3
1.001,"magfri",16
1.001,"maghum1",11
1.001,"magwar",2
1.001,"mallar",28
1.001,"mallar2",2530
1.001,"mallar3",43873
1.001,"manswa1",4
1.001,"mastit1",25
1.001,"mdxmal1",8
1.001,"merlin",718
1.001,"mexjay",16
1.001,"mexjay4",1277
1.001,"mexpar1",39
1.001,"mexwoo1",5
1.001,"misthr1",3
1.001,"mitpar",85
1.001,"monpar",1480
1.001,"monpar1",64
1.001,"monqua",35
1.001,"motduc",962
1.001,"motowl",33
1.001,"moublu",1332
1.001,"mouchi",29917
1.001,"moudov",1731062
1.001,"mouqua",447
1.001,"musduc2",254
1.001,"musduc3",511
1.001,"mutswa",68
1.001,"myrwar",537
1.001,"naswar",204
1.001,"neocor",130
1.001,"nobtyr",1
1.001,"nohowl",17
1.001,"nopowl",65
1.001,"norbob",928
1.001,"norcar",1109682
1.001,"norcar1",113
1.001,"norcro",9609
1.001,"norfli",100727
1.001,"norgos",276
1.001,"norhar",1
1.001,"norhar1",5
1.001,"norhar2",455
1.001,"normoc",51922
1.001,"norpar",473
1.001,"norpin",38
1.001,"norpyo2",1
1.001,"norsho",99
1.001,"norshr",43
1.001,"norshr4",868
1.001,"nrwswa",174
1.001,"nswowl",56
1.001,"nutfly",2
1.001,"nutman",8004
1.001,"nutwoo",3916
1.001,"oaktit",11997
1.001,"obnthr1",1
1.001,"olispa",195
1.001,"orabis1",70
1.001,"orbbun1",38
1.001,"orcori",284
1.001,"orcwar",7405
1.001,"orcwar1",10
1.001,"orcwax",1
1.001,"orejun",33351
1.001,"orfpar",42
1.001,"osprey",228
1.001,"osprey1",7
1.001,"ovenbi1",115
1.001,"pabwoo1",7
1.001,"pacwre1",755
1.001,"pagplo",6
1.001,"paibun",7240
1.001,"paired",8
1.001,"palwar",3518
1.001,"palwar3",7
1.001,"palwar4",14
1.001,"pasfly",63
1.001,"pecsan",7
1.001,"peflov",971
1.001,"perfal",81
1.001,"perfal1",1
1.001,"phaino",588
1.001,"pibgre",211
1.001,"pilwoo",30768
1.001,"pingro",63145
1.001,"pinjay",17522
1.001,"pinsis",387763
1.001,"pinwar",28085
1.001,"pisjun",2085
1.001,"pitwhy",154
1.001,"placha",460
1.001,"plcsta",13
1.001,"plsvir",6
1.001,"prafal",14
1.001,"pramer1",27
1.001,"prawar",186
1.001,"prowar",23
1.001,"purfin",145165
1.001,"purmar",2145
1.001,"purmar1",45
1.001,"pygnut",16024
1.001,"pyrrhu",1941
1.001,"raven",18
1.001,"rcgspa1",31
1.001,"rebjun1",162
1.001,"reblei",49
1.001,"rebmer",70
1.001,"rebnut",138290
1.001,"rebsap",1208
1.001,"rebwoo",257439
1.001,"reccar",79
1.001,"recpar",301
1.001,"recwoo",8
1.001,"redcro",4670
1.001,"redhea",221
1.001,"redpol",619
1.001,"reevir1",26
1.001,"rehwoo",5296
1.001,"rempar",29
1.001,"rengre",1
1.001,"rensap",139
1.001,"resfli",1252
1.001,"reshaw",6403
1.001,"reshaw2",73
1.001,"reshaw4",82
1.001,"reshaw5",213
1.001,"rethaw",10846
1.001,"rethaw4",1
1.001,"revbul",121
1.001,"rewbla",589242
1.001,"rewbla1",406
1.001,"rewbul",190
1.001,"ribgul",4626
1.001,"ricgoo1",5
1.001,"rinduc",245
1.001,"rinphe",5684
1.001,"rinphe1",16
1.001,"robgro",871
1.001,"rocpig1",123269
1.001,"rocwre",78
1.001,"rolhaw",37
1.001,"rorpar",17
1.001,"rosfin",20885
1.001,"rosspo1",26
1.001,"royter1",10
1.001,"rthhum",4606
1.001,"rubcha1",206
1.001,"rubrob1",97
1.001,"ruckin",18741
1.001,"rucmot1",40
1.001,"rucspa",677
1.001,"rucwar",36
1.001,"rudduc",291
1.001,"rufgro",5089
1.001,"rufhum",5713
1.001,"rugdov",5
1.001,"rusbla",1957
1.001,"rusbun",2
1.001,"ruthum1",1
1.001,"ruwspa",277
1.001,"rxyfli",125
1.001,"sabjay",2
1.001,"sagspa",43
1.001,"sagthr",117
1.001,"sancra",2468
1.001,"sancra5",87
1.001,"savspa",707
1.001,"savspa3",1
1.001,"saypho",772
1.001,"scaqua",1605
1.001,"scatan",32
1.001,"scoori",74
1.001,"scrjay",284
1.001,"sctfly",24
1.001,"seaspa",1
1.001,"selasp",85
1.001,"semsan",2
1.001,"sheowl",7
1.001,"shicow",7
1.001,"shshaw",13686
1.001,"shtgro",1129
1.001,"shthaw",2
1.001,"sinwre1",43
1.001,"slcjun",17686
1.001,"snobun",9450
1.001,"snoegr",248
1.001,"snogoo",2771
1.001,"snoowl1",11
1.001,"socfly1",45
1.001,"sonspa",159930
1.001,"sora",3
1.001,"sparro1",927
1.001,"spbori",84
1.001,"spodov",368
1.001,"sposan",34
1.001,"spotow",70134
1.001,"spotow1",2
1.001,"spotow2",15
1.001,"spowre1",6
1.001,"sprgro",43
1.001,"squcuc1",70
1.001,"stbori",429
1.001,"stejay",83880
1.001,"sumtan",190
1.001,"swahaw",27
1.001,"swaspa",841
1.001,"swathr",48
1.001,"swiwhe1",66
1.001,"swtkit",16
1.001,"taimer1",1
1.001,"tanage",1
1.001,"tenwar",17
1.001,"thbkin",4
1.001,"thrush1",15
1.001,"towsol",1591
1.001,"towwar",4510
1.001,"treswa",1085
1.001,"tribla",115
1.001,"triher",58
1.001,"trokin",192
1.001,"truswa",104
1.001,"tuftit",474183
1.001,"tunswa",144
1.001,"turvul",7984
1.001,"turvul2",24
1.001,"varbun",44
1.001,"varthr",16449
1.001,"vauswi",8
1.001,"verdin",2237
1.001,"verfly",43
1.001,"vesspa",146
1.001,"vichum",6
1.001,"vigswa",219
1.001,"virrai",3
1.001,"virwar",1
1.001,"wantat1",1
1.001,"warble",5
1.001,"warvir",95
1.001,"warwhe1",55
1.001,"wesblu",7934
1.001,"wesgul",157
1.001,"wesjay",224
1.001,"weskin",85
1.001,"wesmea",819
1.001,"wesowl1",151
1.001,"westan",98
1.001,"wewpew",2
1.001,"whbnut",385452
1.001,"whcsee",21
1.001,"whcsee1",4
1.001,"whcsee2",1
1.001,"whcspa",179279
1.001,"whcswi",6
1.001,"whehum",4
1.001,"whepar2",18
1.001,"whevir",296
1.001,"whfibi",9
1.001,"whhwoo",411
1.001,"whiibi",3178
1.001,"whip-p1",2
1.001,"whrsha",16
1.001,"whtdov",874
1.001,"whtkit",11
1.001,"whtrob1",9
1.001,"whtspa",447020
1.001,"whwcro",1612
1.001,"whwdov",113114
1.001,"whwjun",114
1.001,"whwsco2",15
1.001,"wilpta",53
1.001,"wilsap",50
1.001,"wilsni1",33
1.001,"wiltur",158760
1.001,"winwre",29
1.001,"winwre2",1
1.001,"winwre3",598
1.001,"wlswar",169
1.001,"woewar1",11
1.001,"woodpe1",3
1.001,"wooduc",4312
1.001,"wooscj2",14301
1.001,"woosto",188
1.001,"woothr",159
1.001,"wren1",5
1.001,"wrenti",298
1.001,"wrthaw1",69
1.001,"wurher",1
1.001,"x00004",801
1.001,"x00039",6
1.001,"x00051",1
1.001,"x00059",1
1.001,"x00195",231
1.001,"x00418",9
1.001,"x00422",16
1.001,"x00423",49
1.001,"x00754",9
1.001,"y00001",55
1.001,"y00033",73554
1.001,"y00226",193
1.001,"y00227",89
1.001,"y00322",22
1.001,"y00323",6
1.001,"y00327",134
1.001,"y00330",1
1.001,"y00334",23
1.001,"y00337",2
1.001,"y00338",68
1.001,"y00471",588
1.001,"y00475",526
1.001,"y00478",8
1.001,"y00488",4
1.001,"y00598",29
1.001,"y00600",14
1.001,"y00619",28
1.001,"y00620",28
1.001,"ycnher",17
1.001,"yebcha",47
1.001,"yebfly",3
1.001,"yebmag",618
1.001,"yebsap",12511
1.001,"yecpar",82
1.001,"yefcan",16
1.001,"yegvir",1
1.001,"yehbla",130
1.001,"yehpar",4
1.001,"yelwar",185
1.001,"yerwar",59667
1.001,"yerwar3",6
1.001,"yesfli",512
1.001,"yetvir",31
1.001,"yetwar",1321
1.001,"yewcac1",706
1.001,"zebdov",196
4.001,"abetow",2000
4.001,"accipi",257
4.001,"acowoo",1962
4.001,"afcdov1",5
4.001,"allhum",1284
4.001,"altori",18
4.001,"ambduc",3950
4.001,"amebit",2
4.001,"amecoo",297
4.001,"amecro",105836
4.001,"amegfi",698255
4.001,"amekes",716
4.001,"amekes1",21
4.001,"amepip",34
4.001,"amered",13
4.001,"amerob",135011
4.001,"amewig",273
4.001,"amewoo",27
4.001,"amhgul1",10
4.001,"amtspa",62744
4.001,"amwpel",18
4.001,"anhing",169
4.001,"annhum",25111
4.001,"archil1",1
4.001,"astfly",6
4.001,"attwoo1",8
4.001,"audori",103
4.001,"audwar",255
4.001,"babwar",1
4.001,"baleag",1266
4.001,"balori",3717
4.001,"barswa",115
4.001,"batpig1",9193
4.001,"bawwar",181
4.001,"bbwduc",6754
4.001,"bcnher",7
4.001,"bcrfin",201
4.001,"belkin1",257
4.001,"belvir",6
4.001,"benthr",67
4.001,"bewwre",5483
4.001,"bkbmag1",15303
4.001,"bkbwar",3
4.001,"bkbwoo",3
4.001,"bkcchi",289032
4.001,"bkchum",1188
4.001,"bkcspa",20
4.001,"bkhgro",213
4.001,"bkhpar",41
4.001,"bknsti",17
4.001,"bkpwar",3
4.001,"bkrfin",134
4.001,"bktgna",53
4.001,"bktspa",379
4.001,"blackb",345
4.001,"blctit4",2013
4.001,"blkmer1",8
4.001,"blkpho",1037
4.001,"blkvul",1157
4.001,"blugrb1",39
4.001,"blugrs",1
4.001,"blujay",290054
4.001,"bnhcow",87992
4.001,"bnhnut",5400
4.001,"boboli",1
4.001,"bohwax",29093
4.001,"borchi2",1614
4.001,"borowl",3
4.001,"botgra",1928
4.001,"brambl",1
4.001,"brbhum",389
4.001,"brdowl",618
4.001,"brebla",6664
4.001,"brespa",115
4.001,"britit",263
4.001,"brncre",6966
4.001,"brnowl",37
4.001,"brnpel",12
4.001,"brnthr",6020
4.001,"brocow",45
4.001,"broman1",32
4.001,"brthum",35
4.001,"brwhaw",26
4.001,"btbwar",12
4.001,"btmjay",4
4.001,"btnwar",6
4.001,"btywar",20
4.001,"bubhum",85
4.001,"bucpar",137
4.001,"budger",3
4.001,"buffle",322
4.001,"buggna",491
4.001,"buggna1",7
4.001,"buhvir",83
4.001,"bulori",115
4.001,"bushti",51624
4.001,"buthum",15
4.001,"buwtea",91
4.001,"cacwre",1008
4.001,"calgul",72
4.001,"calhum",9
4.001,"calqua",35715
4.001,"calthr",199
4.001,"caltow",4984
4.001,"camwar",11
4.001,"cangoo",18380
4.001,"cangoo4",113
4.001,"cantow",1234
4.001,"canvas",24
4.001,"canwre",11
4.001,"carchi",53476
4.001,"carwre",50678
4.001,"casfin",5270
4.001,"caskin",103
4.001,"casspa",5
4.001,"casvir",7
4.001,"categr",46
4.001,"cedwax",53575
4.001,"chbchi",19275
4.001,"chemun",1
4.001,"chirav",14
4.001,"chispa",62219
4.001,"chiswi",29
4.001,"chswar",1
4.001,"chukar",334
4.001,"chwwid",24
4.001,"clanut",1342
4.001,"clcrob",9
4.001,"clcspa",47
4.001,"cliswa",12
4.001,"cogdov",1735
4.001,"comblh1",18
4.001,"comgal1",48
4.001,"comgol",563
4.001,"comgra",182371
4.001,"comloo",35
4.001,"commer",642
4.001,"commer1",2
4.001,"commyn",40
4.001,"comnig",3
4.001,"compea",13
4.001,"comrav",7439
4.001,"comred",106827
4.001,"comwax",38
4.001,"comyel",126
4.001,"coohaw",11826
4.001,"coshum",620
4.001,"coukin",56
4.001,"cowscj1",9691
4.001,"crecar1",31
4.001,"crithr",29
4.001,"crow",14
4.001,"cubthr",2893
4.001,"daejun",717560
4.001,"daejun1",13
4.001,"dickci",14
4.001,"doccor",851
4.001,"domgoo1",15
4.001,"dowwoo",177102
4.001,"ducfly",1
4.001,"dusgro",2
4.001,"easblu",42568
4.001,"easkin",13
4.001,"easmea",608
4.001,"easowl1",200
4.001,"easpho",3128
4.001,"eastow",9728
4.001,"eastow1",15
4.001,"eawpew",6
4.001,"egygoo",156
4.001,"erthaw1",103
4.001,"eucdov",39213
4.001,"eurgol",15
4.001,"eursta",332602
4.001,"eutspa",1902
4.001,"evegro",37572
4.001,"ferhaw",3
4.001,"fiespa",3379
4.001,"fiscro",1054
4.001,"flycat1",1
4.001,"forter",3
4.001,"foxsp1",40
4.001,"foxsp2",53
4.001,"foxsp3",8
4.001,"foxspa",11767
4.001,"gadwal",153
4.001,"gamqua",12114
4.001,"gbbgul",7
4.001,"gchwar",4
4.001,"gcrfin",12550
4.001,"gilfli",120
4.001,"gilwoo",1637
4.001,"gloibi",592
4.001,"glwgul",266
4.001,"gnttow",112
4.001,"gnwtea",116
4.001,"gockin",1383
4.001,"gocspa",23435
4.001,"gofwoo",554
4.001,"goleag",23
4.001,"graspa",1
4.001,"grbher",154
4.001,"grbher3",659
4.001,"grcfly",57
4.001,"greegr",340
4.001,"greegr2",110
4.001,"grekis",180
4.001,"greroa",388
4.001,"greyel",10
4.001,"grgowl",4
4.001,"grhowl",553
4.001,"grhowl1",1
4.001,"grnher",12
4.001,"grnjay",627
4.001,"grnkin",2
4.001,"grnpar",66
4.001,"grsfly1",10
4.001,"grtgra",2739
4.001,"grwher",6
4.001,"grycat",1466
4.001,"gryhaw2",2
4.001,"gryjay",2895
4.001,"grypar",251
4.001,"gyhjun",1225
4.001,"haiwoo",70884
4.001,"harspa",2878
4.001,"hawk",21
4.001,"helgui",12
4.001,"heptan",5
4.001,"hergul",1055
4.001,"herthr",3044
4.001,"herwar",5
4.001,"hoared",2680
4.001,"hoomer",673
4.001,"hooori",411
4.001,"hoowar",6
4.001,"horlar",113
4.001,"houfin",467687
4.001,"houspa",619658
4.001,"houwre",577
4.001,"houwre1",10
4.001,"houwre4",1
4.001,"hrshaw",103
4.001,"hummin",8
4.001,"hutvir",84
4.001,"incdov",5705
4.001,"indbun",237
4.001,"ipsspa",2
4.001,"javspa",114
4.001,"juntit1",438
4.001,"kenwar",1
4.001,"killde",319
4.001,"labwoo",1121
4.001,"laplon",5
4.001,"larbun",21
4.001,"larspa",332
4.001,"larus",10
4.001,"laugul",337
4.001,"lawgol",161
4.001,"lazbun",14
4.001,"leafly",5
4.001,"leagre",2
4.001,"leasan",10
4.001,"lecspa",6
4.001,"lesgol",43365
4.001,"lessca",97
4.001,"lesyel",15
4.001,"lewwoo",90
4.001,"libher",156
4.001,"limpki",49
4.001,"linspa",903
4.001,"lobdow",93
4.001,"lobthr",68
4.001,"logshr",47
4.001,"louwat",3
4.001,"lucwar",38
4.001,"macwar",1
4.001,"maghum1",5
4.001,"magwar",1
4.001,"mallar",11
4.001,"mallar2",2382
4.001,"mallar3",16660
4.001,"merlin",291
4.001,"mexjay",23
4.001,"mexjay4",80
4.001,"misthr1",1
4.001,"monpar",323
4.001,"monpar1",130
4.001,"monqua",1
4.001,"motduc",1444
4.001,"moublu",434
4.001,"mouchi",9764
4.001,"moudov",601723
4.001,"moupyo1",4
4.001,"mouqua",96
4.001,"musduc2",68
4.001,"musduc3",918
4.001,"mutswa",105
4.001,"myrwar",134
4.001,"naswar",38
4.001,"naswar2",1
4.001,"neocor",3
4.001,"nohowl",2
4.001,"nopowl",50
4.001,"norbob",565
4.001,"norcar",350802
4.001,"norcar1",23
4.001,"norcro",2920
4.001,"norfli",33840
4.001,"norgos",145
4.001,"norgos2",2
4.001,"norhar1",1
4.001,"norhar2",222
4.001,"normoc",16183
4.001,"norpar",154
4.001,"norpin",31
4.001,"norsho",52
4.001,"norshr",19
4.001,"norshr4",400
4.001,"nrwswa",4
4.001,"nswowl",16
4.001,"nutman",2942
4.001,"nutwoo",1126
4.001,"oaktit",2881
4.001,"olispa",14
4.001,"orcori",25
4.001,"orcwar",1961
4.001,"orcwar1",1
4.001,"orejun",7426
4.001,"osprey",140
4.001,"ovenbi1",31
4.001,"pacwre1",225
4.001,"pagplo",5
4.001,"paibun",2045
4.001,"palwar",789
4.001,"palwar3",11
4.001,"palwar4",9
4.001,"pasfly",10
4.001,"passer1",1
4.001,"pecsan",4
4.001,"peflov",1012
4.001,"perfal",27
4.001,"phaino",292
4.001,"pibgre",159
4.001,"pilwoo",11979
4.001,"pingro",19106
4.001,"pinjay",10276
4.001,"pinsis",148395
4.001,"pinwar",9958
4.001,"pisjun",1562
4.001,"pitwhy",2
4.001,"placha",28
4.001,"prafal",15
4.001,"pramer1",7
4.001,"prawar",42
4.001,"prowar",5
4.001,"purfin",50945
4.001,"purmar",488
4.001,"pygnut",5127
4.001,"pyrrhu",1196
4.001,"rebjun1",63
4.001,"reblei",39
4.001,"rebmer",27
4.001,"rebnut",45836
4.001,"rebsap",464
4.001,"rebwoo",81639
4.001,"reccar",26
4.001,"recpar",415
4.001,"recwoo",4
4.001,"redcro",1730
4.001,"redhea",121
4.001,"redpol",5
4.001,"reevir1",22
4.001,"rehwoo",1410
4.001,"rempar",21
4.001,"rensap",61
4.001,"resfli",371
4.001,"reshaw",2590
4.001,"reshaw2",13
4.001,"reshaw4",33
4.001,"reshaw5",114
4.001,"rethaw",4569
4.001,"revbul",76
4.001,"rewbla",227209
4.001,"rewbla1",12
4.001,"rewbul",75
4.001,"ribgul",1650
4.001,"rinduc",491
4.001,"rinphe",2354
4.001,"rinphe1",6
4.001,"robgro",347
4.001,"rocpig1",49184
4.001,"rocpta1",1
4.001,"rocwre",30
4.001,"rolhaw",44
4.001,"rorpar",39
4.001,"rosfin",6850
4.001,"rosspo1",20
4.001,"royter1",3
4.001,"rthhum",1617
4.001,"rubrob",4
4.001,"ruckin",6325
4.001,"rucspa",131
4.001,"rucwar",1
4.001,"rudduc",68
4.001,"rufgro",1911
4.001,"rufhum",1508
4.001,"rusbla",1456
4.001,"rusbun",2
4.001,"ruwspa",82
4.001,"rxyfli",29
4.001,"sagspa",1
4.001,"sagspa1",1
4.001,"sagthr",4
4.001,"sancra",1312
4.001,"sancra5",14
4.001,"santer1",1
4.001,"savspa",193
4.001,"savspa3",1
4.001,"saypho",256
4.001,"scaqua",636
4.001,"scatan",17
4.001,"scoori",18
4.001,"scrjay",121
4.001,"sctfly",24
4.001,"seaspa",11
4.001,"selasp",35
4.001,"semsan",15
4.001,"sheowl",1
4.001,"shshaw",5714
4.001,"shtgro",1314
4.001,"slcjun",5724
4.001,"snobun",8703
4.001,"snoegr",126
4.001,"snogoo",4008
4.001,"snoowl1",8
4.001,"sonspa",49850
4.001,"soogro1",1
4.001,"sora",8
4.001,"sparro1",53
4.001,"spbori",10
4.001,"spodov",175
4.001,"sposan",13
4.001,"spotow",19978
4.001,"sprgro",7
4.001,"stbori",3
4.001,"stejay",26236
4.001,"sumtan",102
4.001,"swahaw",2
4.001,"swaspa",197
4.001,"swathr",23
4.001,"swiwhe1",10
4.001,"swtkit",25
4.001,"tenwar",11
4.001,"thrush1",4
4.001,"towsol",892
4.001,"towwar",1506
4.001,"treswa",448
4.001,"tribla",11
4.001,"triher",25
4.001,"trokin",5
4.001,"truswa",96
4.001,"tuftit",139450
4.001,"tunswa",22
4.001,"turvul",3342
4.001,"turvul2",46
4.001,"varbun",1
4.001,"varthr",5843
4.001,"vauswi",9
4.001,"verdin",903
4.001,"verfly",16
4.001,"vesspa",94
4.001,"vichum",6
4.001,"vigswa",86
4.001,"wantat1",1
4.001,"warvir",11
4.001,"warwhe1",27
4.001,"wesblu",1991
4.001,"wesfly",1
4.001,"wesgul",66
4.001,"wesjay",92
4.001,"weskin",23
4.001,"wesmea",223
4.001,"wesowl1",46
4.001,"westan",38
4.001,"wewpew",1
4.001,"whbnut",122705
4.001,"whbnut2",2
4.001,"whcsee",1
4.001,"whcspa",57676
4.001,"whevir",120
4.001,"whfibi",13
4.001,"whhwoo",176
4.001,"whiibi",3840
4.001,"whrsha",10
4.001,"whtdov",38
4.001,"whtkit",13
4.001,"whtrob1",1
4.001,"whtspa",147528
4.001,"whwcro",514
4.001,"whwdov",29232
4.001,"whwjun",2
4.001,"wilpta",45
4.001,"wilsap",17
4.001,"wilsni1",6
4.001,"wiltur",52261
4.001,"winwre",10
4.001,"winwre3",140
4.001,"wlswar",46
4.001,"woewar1",2
4.001,"woodpe1",1
4.001,"wooduc",3035
4.001,"wooscj2",4350
4.001,"woosto",239
4.001,"woothr",39
4.001,"wrenti",105
4.001,"wrthaw1",24
4.001,"x00004",305
4.001,"x00051",3
4.001,"x00195",6
4.001,"x00418",4
4.001,"x00623",2
4.001,"x00754",1
4.001,"y00001",63
4.001,"y00033",20250
4.001,"y00226",115
4.001,"y00227",12
4.001,"y00322",25
4.001,"y00327",77
4.001,"y00330",2
4.001,"y00334",6
4.001,"y00338",9
4.001,"y00471",97
4.001,"y00475",739
4.001,"y00598",32
4.001,"y00600",4
4.001,"y00620",11
4.001,"ycnher",23
4.001,"yebcha",10
4.001,"yebcha1",1
4.001,"yebfly",4
4.001,"yebmag",124
4.001,"yebsap",4506
4.001,"yecpar",2
4.001,"yefcan",2
4.001,"yegvir",1
4.001,"yehbla",41
4.001,"yelgro",1
4.001,"yelwar",87
4.001,"yerwar",21378
4.001,"yerwar3",8
4.001,"yesfli",405
4.001,"yetvir",15
4.001,"yetwar",383
4.001,"zebdov",196
8.001,"abetow",98
8.001,"accipi",90
8.001,"acowoo",917
8.001,"afcdov1",2
8.001,"agwtea1",1
8.001,"allhum",625
8.001,"altori",2
8.001,"ambduc",493
8.001,"amecoo",93
8.001,"amecro",33036
8.001,"amegfi",226515
8.001,"amekes",225
8.001,"amekes1",10
8.001,"amepip",12
8.001,"amered",17
8.001,"amerob",43647
8.001,"amewig",27
8.001,"amewoo",20
8.001,"amhgul1",3
8.001,"amtspa",21540
8.001,"amwpel",150
8.001,"anhing",4
8.001,"annhum",10469
8.001,"astfly",14
8.001,"attwoo1",1
8.001,"audori",15
8.001,"audwar",97
8.001,"babwar",1
8.001,"baleag",604
8.001,"balori",306
8.001,"barswa",9
8.001,"batpig1",2591
8.001,"bawwar",58
8.001,"bbwduc",10193
8.001,"bcnher",7
8.001,"bcrfin",40
8.001,"belkin1",107
8.001,"belvir",5
8.001,"benthr",23
8.001,"bewwre",1702
8.001,"bkbmag1",7518
8.001,"bkbwar",2
8.001,"bkbwoo",1
8.001,"bkcchi",88732
8.001,"bkchum",467
8.001,"bkhgro",114
8.001,"bkpwar",2
8.001,"bktgna",7
8.001,"bktspa",69
8.001,"blackb",38
8.001,"blctit4",910
8.001,"blkmer1",1
8.001,"blkpho",377
8.001,"blkvul",283
8.001,"blugrb1",25
8.001,"blujay",90842
8.001,"bncfly",2
8.001,"bnhcow",31376
8.001,"bnhnut",1230
8.001,"bohwax",6699
8.001,"borchi2",469
8.001,"borowl",1
8.001,"botgra",1121
8.001,"brambl",1
8.001,"brbhum",35
8.001,"brdowl",253
8.001,"brebla",1242
8.001,"brespa",45
8.001,"britit",69
8.001,"brncre",2695
8.001,"brnowl",7
8.001,"brnpel",3
8.001,"brnthr",1427
8.001,"brocow",7
8.001,"brthum",38
8.001,"brwhaw",19
8.001,"btbwar",14
8.001,"btnwar",5
8.001,"btywar",2
8.001,"bubhum",9
8.001,"bucpar",2
8.001,"buffle",106
8.001,"buggna",203
8.001,"buggna1",1
8.001,"buhvir",19
8.001,"bulori",42
8.001,"bushti",14962
8.001,"buwtea",14
8.001,"cacwre",135
8.001,"calgul",31
8.001,"calhum",8
8.001,"calqua",10739
8.001,"calthr",111
8.001,"caltow",1453
8.001,"camwar",7
8.001,"cangoo",12873
8.001,"cangoo1",12
8.001,"cantow",479
8.001,"canvas",1
8.001,"carchi",14339
8.001,"carwre",14217
8.001,"casfin",1890
8.001,"caskin",34
8.001,"casspa",3
8.001,"casvir",6
8.001,"categr",89
8.001,"cedwax",20176
8.001,"chbchi",6869
8.001,"chirav",3
8.001,"chispa",25114
8.001,"chiswi",5
8.001,"chukar",43
8.001,"clanut",188
8.001,"clcrob",2
8.001,"clcspa",39
8.001,"cliswa",2
8.001,"cogdov",311
8.001,"comblh1",6
8.001,"comgol",115
8.001,"comgra",63274
8.001,"comloo",25
8.001,"commer",234
8.001,"commyn",50
8.001,"comrav",2865
8.001,"comred",32082
8.001,"comyel",28
8.001,"coohaw",4232
8.001,"coshum",174
8.001,"coukin",4
8.001,"cowscj1",2938
8.001,"crecar1",14
8.001,"crithr",4
8.001,"crow",4
8.001,"cubthr",242
8.001,"daejun",247264
8.001,"daejun1",46
8.001,"doccor",275
8.001,"domgoo1",5
8.001,"dowwoo",54357
8.001,"dusgro",3
8.001,"easblu",11489
8.001,"easkin",2
8.001,"easmea",33
8.001,"easowl1",163
8.001,"easpho",1185
8.001,"eastow",2471
8.001,"eastow1",5
8.001,"eawpew",7
8.001,"egygoo",13
8.001,"erthaw1",19
8.001,"eucdov",16363
8.001,"eursta",105891
8.001,"eutspa",370
8.001,"evegro",11043
8.001,"fieldf",2
8.001,"fiespa",1024
8.001,"fiscro",511
8.001,"flsjay",1
8.001,"flycat1",2
8.001,"foxsp1",14
8.001,"foxsp3",3
8.001,"foxspa",4897
8.001,"fuwduc",1
8.001,"gadwal",45
8.001,"gamqua",3034
8.001,"gbbgul",5
8.001,"gchwar",11
8.001,"gcrfin",793
8.001,"gilfli",37
8.001,"gilwoo",222
8.001,"glagul",1
8.001,"gloibi",4637
8.001,"glwgul",81
8.001,"gnttow",25
8.001,"gnwtea",15
8.001,"gockin",517
8.001,"gocspa",8438
8.001,"gofwoo",337
8.001,"goleag",7
8.001,"grbher",38
8.001,"grbher3",231
8.001,"grcfly",37
8.001,"greegr",83
8.001,"greegr2",3
8.001,"grekis",18
8.001,"greroa",123
8.001,"grgowl",4
8.001,"grhowl",406
8.001,"grnher",5
8.001,"grnjay",116
8.001,"grnkin",1
8.001,"grtgra",527
8.001,"grwher",12
8.001,"grycat",497
8.001,"gryfra",3
8.001,"gryjay",804
8.001,"grypar",102
8.001,"gyhjun",548
8.001,"gyrfal",1
8.001,"haiwoo",23436
8.001,"harspa",1165
8.001,"hawk",4
8.001,"hergul",304
8.001,"herthr",815
8.001,"hoared",1336
8.001,"hoomer",203
8.001,"hooori",128
8.001,"hoowar",4
8.001,"horlar",41
8.001,"horlar3",2
8.001,"houfin",140598
8.001,"houspa",202723
8.001,"houwre",203
8.001,"hrshaw",18
8.001,"hummin",4
8.001,"hutvir",12
8.001,"hutvir1",2
8.001,"incdov",1575
8.001,"indbun",95
8.001,"ipsspa",1
8.001,"javspa",10
8.001,"juntit1",113
8.001,"killde",150
8.001,"labwoo",226
8.001,"laplon",3
8.001,"larbun",9
8.001,"larspa",119
8.001,"laugul",19
8.001,"lawgol",39
8.001,"lazbun",56
8.001,"lesgol",17468
8.001,"lesnig",2
8.001,"lessca",5
8.001,"lewwoo",29
8.001,"libher",5
8.001,"limpki",21
8.001,"linspa",203
8.001,"lobthr",14
8.001,"logshr",16
8.001,"louwat",1
8.001,"lucwar",3
8.001,"magwar",2
8.001,"mallar2",710
8.001,"mallar3",6432
8.001,"mdxmal1",11
8.001,"merlin",148
8.001,"mexjay4",80
8.001,"monpar",64
8.001,"monqua",15
8.001,"motduc",2097
8.001,"moublu",154
8.001,"mouchi",2430
8.001,"moudov",179287
8.001,"musduc2",9
8.001,"musduc3",10
8.001,"mutswa",4
8.001,"myrwar",78
8.001,"naswar",50
8.001,"nohowl",2
8.001,"nopowl",4
8.001,"norbob",126
8.001,"norcar",115463
8.001,"norcar1",6
8.001,"norcro",1344
8.001,"norfli",11201
8.001,"norgos",85
8.001,"norhar2",72
8.001,"normoc",4584
8.001,"norpar",69
8.001,"norpin",9
8.001,"norsho",9
8.001,"norshr",16
8.001,"norshr4",135
8.001,"nrwswa",8
8.001,"nswowl",8
8.001,"nutman",980
8.001,"nutwoo",417
8.001,"oaktit",1002
8.001,"olispa",2
8.001,"orcori",4
8.001,"orcwar",689
8.001,"orejun",2369
8.001,"oriole",2
8.001,"osprey",69
8.001,"ovenbi1",6
8.001,"pacwre1",64
8.001,"pagplo",2
8.001,"paibun",508
8.001,"palwar",481
8.001,"palwar3",3
8.001,"palwar4",1
8.001,"pasfly",4
8.001,"perfal",10
8.001,"phaino",25
8.001,"pibgre",14
8.001,"pilwoo",4210
8.001,"pingro",6003
8.001,"pinjay",1405
8.001,"pinsis",48876
8.001,"pinwar",2464
8.001,"pisjun",785
8.001,"prafal",10
8.001,"pramer1",2
8.001,"prawar",18
8.001,"prowar",10
8.001,"purfin",16850
8.001,"purmar",80
8.001,"pygnut",1314
8.001,"pyrrhu",241
8.001,"rebjun1",12
8.001,"rebmer",4
8.001,"rebnut",14712
8.001,"rebsap",167
8.001,"rebwoo",24191
8.001,"recpar",2
8.001,"redcro",781
8.001,"redhea",10
8.001,"redpol",17
8.001,"reevir1",1
8.001,"rehwoo",315
8.001,"rensap",30
8.001,"resfli",127
8.001,"reshaw",907
8.001,"reshaw2",1
8.001,"reshaw4",41
8.001,"reshaw5",82
8.001,"rethaw",1591
8.001,"rewbla",78542
8.001,"rewbla1",4
8.001,"ribgul",549
8.001,"rinduc",406
8.001,"rinphe",1108
8.001,"rinphe1",2
8.001,"robgro",112
8.001,"rocpig1",21284
8.001,"rocwre",13
8.001,"rolhaw",61
8.001,"rosfin",884
8.001,"rosspo1",1
8.001,"rthhum",543
8.001,"rubrob",2
8.001,"ruckin",1990
8.001,"rucspa",15
8.001,"rudduc",27
8.001,"rufgro",553
8.001,"rufhum",616
8.001,"rusbla",315
8.001,"ruwspa",14
8.001,"sagthr",3
8.001,"sancra",266
8.001,"sancra5",1
8.001,"savspa",51
8.001,"saypho",60
8.001,"scaqua",222
8.001,"scatan",10
8.001,"scoori",7
8.001,"scrjay",115
8.001,"sctfly",7
8.001,"selasp",15
8.001,"sheowl",7
8.001,"shshaw",2079
8.001,"shtgro",83
8.001,"slcjun",2594
8.001,"snobun",2022
8.001,"snoegr",6
8.001,"snogoo",8165
8.001,"snoowl1",5
8.001,"sonspa",14515
8.001,"sora",7
8.001,"sparro1",1
8.001,"spbori",3
8.001,"spodov",15
8.001,"sposan",8
8.001,"spotow",7672
8.001,"stejay",8656
8.001,"sumtan",76
8.001,"swahaw",2
8.001,"swaspa",79
8.001,"swathr",5
8.001,"tenwar",5
8.001,"thrush1",6
8.001,"towsol",180
8.001,"towwar",554
8.001,"treswa",118
8.001,"truswa",1095
8.001,"tuftit",38245
8.001,"tunswa",2
8.001,"turvul",1748
8.001,"varthr",1921
8.001,"verdin",107
8.001,"verfly",10
8.001,"vesspa",9
8.001,"vichum",1
8.001,"vigswa",62
8.001,"virrai",1
8.001,"warvir",6
8.001,"wesblu",722
8.001,"wesgul",5
8.001,"wesjay",141
8.001,"weskin",15
8.001,"wesmea",81
8.001,"wesowl1",3
8.001,"westan",11
8.001,"whbnut",36890
8.001,"whbnut2",21
8.001,"whcspa",18503
8.001,"whevir",40
8.001,"whhwoo",41
8.001,"whiibi",496
8.001,"whtdov",3
8.001,"whtkit",2
8.001,"whtspa",43821
8.001,"whwcro",137
8.001,"whwdov",11357
8.001,"whwjun",8
8.001,"wilpta",50
8.001,"wilsap",4
8.001,"wilsni1",1
8.001,"wiltur",19575
8.001,"wilwar3",3
8.001,"winwre",5
8.001,"winwre3",74
8.001,"wlswar",11
8.001,"woewar1",2
8.001,"wooduc",1204
8.001,"wooscj2",1834
8.001,"woosto",7
8.001,"woothr",17
8.001,"wren1",4
8.001,"wrenti",153
8.001,"wrthaw1",8
8.001,"x00004",26
8.001,"x00623",1
8.001,"y00001",11
8.001,"y00033",5486
8.001,"y00226",21
8.001,"y00227",1
8.001,"y00327",4
8.001,"y00334",4
8.001,"y00338",32
8.001,"y00471",93
8.001,"y00475",969
8.001,"y00598",1
8.001,"y00600",11
8.001,"y00619",4
8.001,"y00620",18
8.001,"ycnher",1
8.001,"yebcha",3
8.001,"yebfly",2
8.001,"yebmag",49
8.001,"yebsap",1477
8.001,"yefcan",1
8.001,"yegvir",1
8.001,"yehbla",76
8.001,"yelwar",44
8.001,"yerwar",6136
8.001,"yerwar3",4
8.001,"yesfli",73
8.001,"yetvir",9
8.001,"yetwar",118
8.001,"zebdov",6
NA,"abetow",19
NA,"accipi",6
NA,"acowoo",14
NA,"allhum",21
NA,"ambduc",24
NA,"amecro",1296
NA,"amegfi",7750
NA,"amekes",6
NA,"amered",4
NA,"amerob",1956
NA,"amtspa",593
NA,"anhing",1
NA,"annhum",386
NA,"audwar",5
NA,"baleag",27
NA,"balori",18
NA,"batpig1",17
NA,"bawwar",1
NA,"bbwduc",18
NA,"belkin1",1
NA,"bewwre",57
NA,"bkbmag1",179
NA,"bkcchi",3597
NA,"bkchum",12
NA,"bkhgro",12
NA,"bkhpar",37
NA,"blackb",70
NA,"blctit4",36
NA,"blkpho",21
NA,"blkvul",4
NA,"blujay",3401
NA,"bnhcow",1005
NA,"bnhnut",77
NA,"bohwax",252
NA,"borchi2",3
NA,"botgra",34
NA,"brbhum",2
NA,"brdowl",6
NA,"brebla",65
NA,"britit",2
NA,"brncre",78
NA,"brnthr",65
NA,"brwhaw",1
NA,"btbwar",1
NA,"btnwar",1
NA,"bubhum",1
NA,"buffle",5
NA,"buggna",12
NA,"bulori",3
NA,"bushti",457
NA,"buthum",1
NA,"buwtea",16
NA,"cacwre",6
NA,"calqua",345
NA,"caltow",78
NA,"cangoo",132
NA,"cangoo4",3
NA,"cantow",5
NA,"canwre",1
NA,"carchi",619
NA,"carwre",625
NA,"casfin",25
NA,"caskin",1
NA,"cedwax",3109
NA,"chbchi",220
NA,"chispa",648
NA,"clanut",20
NA,"cogdov",31
NA,"comgol",102
NA,"comgra",4690
NA,"commer",10
NA,"comrav",74
NA,"comred",1149
NA,"comyel",1
NA,"coohaw",114
NA,"coshum",3
NA,"cowscj1",175
NA,"crithr",1
NA,"cubthr",24
NA,"daejun",8327
NA,"doccor",1
NA,"dowwoo",2176
NA,"easblu",475
NA,"easmea",2
NA,"easpho",28
NA,"eassco1",1
NA,"eastow",114
NA,"erthaw1",2
NA,"eucdov",594
NA,"eursta",4940
NA,"eutspa",33
NA,"evegro",614
NA,"fiespa",73
NA,"fiscro",3
NA,"foxspa",123
NA,"gadwal",16
NA,"gamqua",149
NA,"gilwoo",9
NA,"gockin",17
NA,"gocspa",285
NA,"gofwoo",7
NA,"graspa",1
NA,"grbher",2
NA,"grbher3",2
NA,"greegr",3
NA,"grekis",3
NA,"greroa",3
NA,"grhowl",2
NA,"grnjay",11
NA,"grnpar",11
NA,"grtgra",30
NA,"grycat",18
NA,"gryjay",25
NA,"grypar",36
NA,"gyhjun",3
NA,"haiwoo",890
NA,"harspa",59
NA,"hergul",2
NA,"herthr",35
NA,"herwar",1
NA,"hoared",17
NA,"hoomer",39
NA,"hooori",9
NA,"houfin",5384
NA,"houspa",8110
NA,"houwre",11
NA,"houwre1",5
NA,"hrshaw",2
NA,"hutvir",1
NA,"incdov",71
NA,"indbun",4
NA,"juntit1",9
NA,"killde",13
NA,"labwoo",14
NA,"larspa",24
NA,"lawgol",1
NA,"lesgol",771
NA,"lewwoo",3
NA,"libher",3
NA,"linspa",16
NA,"logshr",1
NA,"mallar2",4
NA,"mallar3",343
NA,"merlin",1
NA,"mexjay",6
NA,"monpar",12
NA,"motduc",5
NA,"mouchi",70
NA,"moudov",6760
NA,"mouqua",1
NA,"musduc2",1
NA,"musduc3",1
NA,"mutswa",2
NA,"myrwar",3
NA,"naswar",1
NA,"norbob",27
NA,"norcar",4836
NA,"norcro",28
NA,"norfli",388
NA,"norgos",3
NA,"norhar2",3
NA,"normoc",232
NA,"norpar",6
NA,"norshr",2
NA,"norshr4",1
NA,"nswowl",2
NA,"nutman",37
NA,"nutwoo",14
NA,"oaktit",50
NA,"orcwar",25
NA,"orcwar3",1
NA,"orejun",64
NA,"owl1",1
NA,"pacwre1",1
NA,"paibun",67
NA,"palwar",17
NA,"peflov",15
NA,"perfal",1
NA,"pibgre",2
NA,"pilwoo",122
NA,"pingro",231
NA,"pinjay",84
NA,"pinsis",1835
NA,"pinwar",88
NA,"pisjun",2
NA,"placha",2
NA,"prowar",2
NA,"purfin",839
NA,"purmar",8
NA,"pygnut",74
NA,"pyrrhu",11
NA,"rebmer",1
NA,"rebnut",774
NA,"rebsap",2
NA,"rebwoo",1018
NA,"recpar",13
NA,"redcro",4
NA,"rehwoo",29
NA,"rensap",1
NA,"resfli",4
NA,"reshaw",29
NA,"reshaw4",1
NA,"rethaw",44
NA,"rewbla",1962
NA,"ribgul",2
NA,"rinphe",56
NA,"rocpig1",801
NA,"rolhaw",1
NA,"rosfin",500
NA,"rthhum",28
NA,"ruckin",78
NA,"rucspa",7
NA,"rufgro",16
NA,"rufhum",16
NA,"rusbla",22
NA,"rxyfli",1
NA,"sancra",810
NA,"sancra2",1
NA,"savspa",3
NA,"scrjay",23
NA,"selasp",2
NA,"shshaw",69
NA,"slcjun",30
NA,"snobun",3
NA,"snoegr",2
NA,"sonspa",609
NA,"sparro1",12
NA,"spotow",261
NA,"stejay",310
NA,"swaspa",1
NA,"towsol",5
NA,"towwar",7
NA,"tuftit",1705
NA,"turvul",29
NA,"turvul2",1
NA,"varthr",45
NA,"verdin",6
NA,"wesblu",85
NA,"westan",2
NA,"whbnut",1565
NA,"whcspa",617
NA,"whevir",1
NA,"whhwoo",2
NA,"whiibi",27
NA,"whtdov",2
NA,"whtspa",1771
NA,"whwcro",4
NA,"whwdov",426
NA,"wiltur",675
NA,"winwre3",1
NA,"wooduc",21
NA,"wooscj2",57
NA,"woosto",1
NA,"woothr",3
NA,"wrenti",1
NA,"x00004",4
NA,"y00033",232
NA,"y00226",3
NA,"y00322",2
NA,"y00475",1
NA,"yebmag",4
NA,"yebsap",39
NA,"yelwar",2
NA,"yerwar",224
NA,"yesfli",1
NA,"yetwar",5
